{
    "rmse": 0.16241647188053807,
    "mae": 0.1291618700819864,
    "mape": 0.017134042743643562,
    "r2": 0.9636029326177791
}