{
    "mse": 0.02704304541939834,
    "rmse": 0.16444769812739352
}